{"method":3,"time":[6.589137151,6.589119637,6.589198028,6.589167286,6.589249916,6.589300356,6.589321028,6.589330777,6.589342636,6.589361219,6.589367495,6.589395602,6.589429241,6.589410119,6.589432811,6.589422273],"P":16,"N":3200,"r":5}