{"method":2,"time":[6.573218003,6.573184696,6.573195381,6.573202641,6.573217668,6.573177607,6.573198938,6.573183731,6.573216436,6.573203302,6.573162023,6.573202409,6.57318636,6.573168337,6.573114183,6.573048673],"P":16,"N":3200,"r":2}