{"method":3,"time":[7.003224369,7.003300114,7.003344941,7.003394971,7.003414973,7.003495344,7.003390758,7.003549213,7.003449983,7.00355187,7.003445789,7.003607018,7.003455253,7.003626956,7.003497835,7.003632222],"P":16,"N":3200,"r":2}