{"method":1,"time":[6.606690816,6.606699867,6.606695735,6.606699503,6.60669363,6.606697262,6.606691964,6.606694384,6.606694045,6.606698167,6.606693807,6.606696691,6.606691656,6.606696849,6.606689863,6.606694214],"P":16,"N":3200,"r":4}