{"method":1,"time":[7.318122294,7.31813614,7.318128011,7.318133209,7.318126117,7.318131671,7.31812336,7.318130301,7.318127369,7.31813393,7.318125004,7.318132823,7.318124831,7.318132162,7.318122595,7.318128818],"P":16,"N":3200,"r":5}