{"method":1,"time":[6.775365272,6.775381783,6.775374299,6.775378257,6.775373879,6.775378207,6.775370292,6.775375907,6.77537401,6.775380242,6.775372401,6.775378243,6.775373574,6.775377165,6.775369956,6.775375329],"P":16,"N":3200,"r":1}