{"method":3,"time":[6.469432236,6.469484482,6.469551252,6.469606801,6.469586553,6.469619663,6.469612526,6.46969535,6.469669307,6.469747888,6.469715346,6.469756113,6.469747661,6.469805504,6.469742951,6.469791828],"P":16,"N":3200,"r":4}