{"method":1,"time":[8.716228715,8.716230015,8.716227632,8.71623005],"P":4,"N":3200,"r":5}