{"method":3,"time":[8.691141677,8.691045032,8.691124222,8.69104559],"P":4,"N":3200,"r":2}