{"method":3,"time":[8.517798033,8.51781129,8.517809677,8.517830471],"P":4,"N":3200,"r":4}