{"method":1,"time":[8.56136055,8.561364865,8.561361961,8.561364777],"P":4,"N":3200,"r":4}