{"method":3,"time":[8.513858496,8.513849661,8.513889121,8.513849854],"P":4,"N":3200,"r":1}