{"method":2,"time":[8.447359869,8.447381558,8.447338707,8.447358918],"P":4,"N":3200,"r":5}