{"method":3,"time":[8.389717679,8.38967942,8.389729057,8.38968674],"P":4,"N":3200,"r":5}