{"method":2,"time":[8.586442386,8.586388021,8.58644173,8.586360023],"P":4,"N":3200,"r":3}