{"method":1,"time":[8.53417861,8.534180714,8.534177737,8.534180736],"P":4,"N":3200,"r":3}