{"method":1,"time":[8.559353881,8.559353191,8.559353182,8.559353234],"P":4,"N":3200,"r":1}