{"method":2,"time":[8.588283984,8.58824637,8.588309558,8.588222052],"P":4,"N":3200,"r":4}