{"method":2,"time":[8.665619672,8.665560708,8.665618896,8.665538174],"P":4,"N":3200,"r":1}