{"method":2,"time":[6.612559683,6.612572198,6.612611039,6.612553346,6.612638198,6.612615824,6.612584607,6.612574764,6.61264863,6.612561211,6.612616366,6.612585889,6.612644516,6.61261362,6.612588433,6.6125915],"P":16,"N":3200,"r":3}