{"method":1,"time":[6.566261246,6.566264131,6.566269169,6.56626613,6.5662708,6.56626666,6.566272577,6.566269056,6.566270993,6.566267458,6.56627189,6.566268778,6.566274367,6.566269688,6.566275885,6.56626994],"P":16,"N":3200,"r":3}