{"method":2,"time":[6.528437788,6.528491754,6.528449694,6.528489252,6.528410622,6.528468572,6.52845335,6.528478746,6.528426817,6.528454296,6.528432667,6.52844602,6.528422134,6.528485926,6.528422288,6.528475574],"P":16,"N":3200,"r":5}