{"method":3,"time":[6.636312048,6.636300926,6.636356943,6.636498617,6.636485054,6.636521371,6.636509965,6.636536227,6.636555665,6.636591941,6.636601164,6.636623812,6.636624613,6.63665821,6.63663575,6.636668],"P":16,"N":3200,"r":1}