{"method":2,"time":[6.669589612,6.669482172,6.669585976,6.669506185,6.669569219,6.66945677,6.669636385,6.669538064,6.669588213,6.669535053,6.669612562,6.669472167,6.66961137,6.669497881,6.669553302,6.669443922],"P":16,"N":3200,"r":4}