{"method":3,"time":[6.836342398,6.836264124,6.836321007,6.836323781,6.836444308,6.836377383,6.836511048,6.836416935,6.836475801,6.836491309,6.83655011,6.836483232,6.836590949,6.836535431,6.836588802,6.836493516],"P":16,"N":3200,"r":3}