{"method":1,"time":[6.786706495,6.786708348,6.786700944,6.786706357,6.78670203,6.786705529,6.786697181,6.786702045,6.786702725,6.786706441,6.786699484,6.7867043,6.786699906,6.786703912,6.786696732,6.786701785],"P":16,"N":3200,"r":2}