{"method":2,"time":[6.61311288,6.613022573,6.613088474,6.613008639,6.613081113,6.612986144,6.61308611,6.613047999,6.613069513,6.613028651,6.613104133,6.613060941,6.613084752,6.613044192,6.612958812,6.612915533],"P":16,"N":3200,"r":1}