{"method":3,"time":[6.788226315,6.78837631,6.78832936,6.78830954,6.788337948,6.788445832,6.788355105,6.788346635],"P":8,"N":3200,"r":4}