{"method":3,"time":[7.330530608,7.330719846,7.330586594,7.330746228,7.330688575,7.3307452,7.330668289,7.330690782],"P":8,"N":3200,"r":2}