{"method":2,"time":[6.765695918,6.765662549,6.765661705,6.765698302,6.765711292,6.76564135,6.76563557,6.765649118],"P":8,"N":3200,"r":2}