{"method":1,"time":[6.781856205,6.781862646,6.781867177,6.781860428,6.781866968,6.781862058,6.781865672,6.781859795],"P":8,"N":3200,"r":5}