{"method":1,"time":[6.811638948,6.811640313,6.811637264,6.811639415,6.811636732,6.81164025,6.811636189,6.811638601],"P":8,"N":3200,"r":2}