{"method":2,"time":[6.931929403,6.931987181,6.932043018,6.931923579,6.931942003,6.931913088,6.931972183,6.93187013],"P":8,"N":3200,"r":5}