{"method":1,"time":[6.78030149,6.780301048,6.780309847,6.780302743,6.780308476,6.780302089,6.780310235,6.780303097],"P":8,"N":3200,"r":3}