{"method":1,"time":[6.797660544,6.797659875,6.797666006,6.797658763,6.79766581,6.797659878,6.797665202,6.797657564],"P":8,"N":3200,"r":4}