{"method":2,"time":[6.79140699,6.791398384,6.791453047,6.791388849,6.791446424,6.791393878,6.791354082,6.791337961],"P":8,"N":3200,"r":4}