{"method":3,"time":[16.607588437,16.607583403],"P":2,"N":3200,"r":2}