{"method":3,"time":[16.613550292,16.613495017],"P":2,"N":3200,"r":4}