{"method":2,"time":[16.896333505,16.896315669],"P":2,"N":3200,"r":4}