{"method":3,"time":[16.649974349,16.649971045],"P":2,"N":3200,"r":3}