{"method":1,"time":[16.960140381,16.960132658],"P":2,"N":3200,"r":4}