{"method":2,"time":[16.72092302,16.720974807],"P":2,"N":3200,"r":5}