{"method":1,"time":[16.815960406,16.815962475],"P":2,"N":3200,"r":1}