{"method":2,"time":[6.800012741,6.799988951,6.800002355,6.799940491,6.800033465,6.799952547,6.799979516,6.799995342],"P":8,"N":3200,"r":3}