{"method":3,"time":[6.766261103,6.766222004,6.76633677,6.766368958,6.766358065,6.766400188,6.766384306,6.766302779],"P":8,"N":3200,"r":5}