{"method":3,"time":[6.769063581,6.768992335,6.769006422,6.769037032,6.76906885,6.769074041,6.769085543,6.768934404],"P":8,"N":3200,"r":1}