{"method":1,"time":[6.886734353,6.886750668,6.886746265,6.886748397,6.886747243,6.886749499,6.886746442,6.886747531],"P":8,"N":3200,"r":1}