{"method":3,"time":[7.055723925,7.055738418,7.055745739,7.05577694,7.055811913,7.055835957,7.055825853,7.055856515],"P":8,"N":3200,"r":3}