{"method":2,"time":[6.718786567,6.718796126,6.718750509,6.718766719,6.718804346,6.718811914,6.718750245,6.718776152],"P":8,"N":3200,"r":1}