{"method":3,"time":[16.689494359,16.689486954],"P":2,"N":3200,"r":1}