{"method":2,"time":[16.797077481,16.797064108],"P":2,"N":3200,"r":2}