{"method":1,"time":[16.841613063,16.841611839],"P":2,"N":3200,"r":3}