{"method":3,"time":[16.87289041,16.872872906],"P":2,"N":3200,"r":5}