{"method":1,"time":[16.669204783,16.669206064],"P":2,"N":3200,"r":2}