{"method":1,"time":[17.172720322,17.172730781],"P":2,"N":3200,"r":5}