{"method":2,"time":[16.744160531,16.74419749],"P":2,"N":3200,"r":3}