{"method":2,"time":[16.742060801,16.741982526],"P":2,"N":3200,"r":1}