{"method":3,"time":[8.480138924,8.480139154,8.480127013,8.480188394],"P":4,"N":3200,"r":3}