{"method":2,"time":[8.568839447,8.568825858,8.568862961,8.568796127],"P":4,"N":3200,"r":2}