{"method":1,"time":[8.461913956,8.461925055,8.461920958,8.461925042],"P":4,"N":3200,"r":2}